1879-1880-examination-of-dogmatic-theology	works/non-fiction/treatises/1879-1880-examination-of-dogmatic-theology
1879-1882-a-confession	works/non-fiction/personal-papers/1879-1882-a-confession
1882-1884-what-i-believe	works/non-fiction/treatises/1882-1884-what-i-believe
1882-1886-what-then-must-we-do	works/non-fiction/treatises/1882-1886-what-then-must-we-do
1884-1886-the-death-of-ivan-ilyich	works/fiction/novellas/1884-1886-the-death-of-ivan-ilyich
1886-1887-on-life	works/non-fiction/treatises/1886-1887-on-life
1886-1890-the-fruits-of-enlightenment	works/plays/comedy/1886-1890-the-fruits-of-enlightenment
1886-the-power-of-darkness	works/plays/drama/1886-the-power-of-darkness
1887-1889-the-kreutzer-sonata	works/fiction/novellas/1887-1889-the-kreutzer-sonata
1889-1899-resurrection	works/fiction/novels/1889-1899-resurrection
1889-1904-the-forged-coupon	works/fiction/novellas/1889-1904-the-forged-coupon
1889-1909-the-devil	works/fiction/novellas/1889-1909-the-devil
1890-1893-the-kingdom-of-god-is-within-you	works/non-fiction/treatises/1890-1893-the-kingdom-of-god-is-within-you
1890-1898-father-sergius	works/fiction/novellas/1890-1898-father-sergius
1893-1894-christianity-and-patriotism	works/non-fiction/essays-and-criticism/1893-1894-christianity-and-patriotism
1894-1895-master-and-man	works/fiction/novellas/1894-1895-master-and-man
1894-1896-the-christian-teaching	works/non-fiction/treatises/1894-1896-the-christian-teaching
1896-1904-hadji-murat	works/fiction/novels/1896-1904-hadji-murat
1897-1898-what-is-art	works/non-fiction/essays-and-criticism/1897-1898-what-is-art
1900-the-slavery-of-our-times	works/non-fiction/treatises/1900-the-slavery-of-our-times
1900-the-living-corpse	works/plays/drama/1900-the-living-corpse
1901-1902-what-is-religion	works/non-fiction/essays-and-criticism/1901-1902-what-is-religion
1903-1906-on-shakespeare-and-the-drama	works/non-fiction/essays-and-criticism/1903-1906-on-shakespeare-and-the-drama
1903-after-the-ball	works/fiction/short-stories/1903-after-the-ball
1904-bethink-yourselves	works/non-fiction/essays-and-criticism/1904-bethink-yourselves
1905-the-great-sin	works/non-fiction/essays-and-criticism/1905-the-great-sin
1908-a-letter-to-a-hindu	works/non-fiction/essays-and-criticism/1908-a-letter-to-a-hindu
1908-i-cannot-be-silent	works/non-fiction/essays-and-criticism/1908-i-cannot-be-silent
1908-the-law-of-violence-and-the-law-of-love	works/non-fiction/treatises/1908-the-law-of-violence-and-the-law-of-love
art-aesthetics-satellites	themes/art-aesthetics-satellites
biryukov-sofia-relationship	themes/biryukov-sofia-relationship
christian	themes/christian
christian-anarchism	themes/christian-anarchism
christian-communism-socialism	themes/christian-communism-socialism
copyright-renunciation	themes/copyright-renunciation
crisis	themes/crisis
doukhobors	themes/doukhobors
fire-metaphor	themes/fire-metaphor
free-age-press	themes/free-age-press
gospel-translation	themes/gospel-translation
late-voice-encryption-compression	themes/late-voice-encryption-compression
lords-prayer	themes/lords-prayer
stories-for-the-people	themes/stories-for-the-people
tolstoyanism	themes/tolstoyanism
tolstoyanism-christian-anarchism	themes/tolstoyanism-christian-anarchism
1900-1910-against-the-death-penalty	themes/against-the-death-penalty
1901-1902-the-break-with-the-church	themes/break-with-the-church
1903-folk-tales	themes/folk-tales
1905-1906-krug-chtenija-tales	themes/krug-chtenija-tales
biryukov-biography-editions	_meta/biryukov-biography-editions
jubilee-edition-tei-corpus	_meta/jubilee-edition-tei-corpus
tolstoy-in-art	_meta/tolstoy-in-art
tolstoy-in-photographs	_meta/tolstoy-in-photographs
_grounding-1905-1906-krug-chtenija.html	_meta/_grounding-1905-1906-krug-chtenija.html
_handoff-held-quote-corrections-2026-06-07.html	_meta/_handoff-held-quote-corrections-2026-06-07.html
_handoff-held-quote-corrections-2026-06-07.md	_meta/_handoff-held-quote-corrections-2026-06-07.md
_interactive-edition-all-formats-spec.html	_meta/_interactive-edition-all-formats-spec.html
_interactive-edition-all-formats-spec.md	_meta/_interactive-edition-all-formats-spec.md
_interactive-edition-bundled-text.html	_meta/_interactive-edition-bundled-text.html
_interactive-edition-bundled-text.md	_meta/_interactive-edition-bundled-text.md
_interactive-edition-plan.html	_meta/_interactive-edition-plan.html
_interactive-edition-plan.md	_meta/_interactive-edition-plan.md
_prophet-period-nonfiction-dives.html	_meta/_prophet-period-nonfiction-dives.html
_prophet-period-nonfiction-dives.md	_meta/_prophet-period-nonfiction-dives.md
_prophet-period-remaining-dives.html	_meta/_prophet-period-remaining-dives.html
_prophet-period-remaining-dives.md	_meta/_prophet-period-remaining-dives.md
_research-index-plan.html	_meta/_research-index-plan.html
_research-index-plan.md	_meta/_research-index-plan.md
pss-volume-mapping.html	_meta/pss-volume-mapping.html
pss-volume-mapping.md	_meta/pss-volume-mapping.md
tolstoydigital-tei-reference.html	_meta/tolstoydigital-tei-reference.html
tolstoydigital-tei-reference.md	_meta/tolstoydigital-tei-reference.md
